Date,Price,Open,High,Low,Vol.,day,year,month
2026-03-09,781,670,753,706,73,9,2026,3
2026-03-06,787,709,774,733,449,6,2026,3
2026-03-05,760,647,732,670,556,5,2026,3
2026-03-04,706,634,679,644,598,4,2026,3
2026-03-02,714,672,700,665,539,2,2026,3
2026-02-27,769,713,748,729,137,27,2026,2
2026-02-26,792,714,754,735,365,26,2026,2
2026-02-25,778,777,808,737,55,25,2026,2
2026-02-24,842,757,793,777,169,24,2026,2
2026-02-23,840,756,796,786,760,23,2026,2
2026-02-20,818,731,782,758,793,20,2026,2
2026-02-19,800,790,817,747,127,19,2026,2
2026-02-18,865,763,813,788,638,18,2026,2
2026-02-17,827,772,788,787,55,17,2026,2
2026-02-16,858,746,804,764,654,16,2026,2
2026-02-13,820,793,827,780,57,13,2026,2
2026-02-12,878,845,871,840,80,12,2026,2
2026-02-11,936,819,859,860,719,11,2026,2
2026-02-10,900,846,863,856,23,10,2026,2
2026-02-09,912,815,850,858,645,9,2026,2
2026-02-06,882,787,831,816,801,6,2026,2
2026-02-05,871,812,846,825,119,5,2026,2
2026-02-04,897,791,848,827,804,4,2026,2
2026-02-03,858,851,924,810,552,3,2026,2
2026-02-02,763,642,720,659,327,2,2026,2
2026-02-01,707,708,751,657,903,1,2026,2
2026-01-30,773,686,731,713,86,30,2026,1
2026-01-29,765,722,739,722,492,29,2026,1
2026-01-28,774,691,746,725,78,28,2026,1
2026-01-27,748,680,717,690,558,27,2026,1
2026-01-23,756,720,743,716,913,23,2026,1
2026-01-22,783,732,761,738,328,22,2026,1
2026-01-21,786,698,754,703,389,21,2026,1
2026-01-20,770,733,755,732,208,20,2026,1
2026-01-19,807,801,826,753,484,19,2026,1
2026-01-16,899,817,893,866,384,16,2026,1
2026-01-14,902,791,851,826,803,14,2026,1
2026-01-13,888,878,913,837,220,13,2026,1
2026-01-12,967,855,912,854,843,12,2026,1
2026-01-09,951,834,892,898,805,9,2026,1
2026-01-08,940,907,956,906,359,8,2026,1
2026-01-07,1013,920,979,957,82,7,2026,1
2026-01-06,1016,969,1021,955,562,6,2026,1
2026-01-05,1081,982,1046,1026,828,5,2026,1
2026-01-02,1087,976,1037,1027,691,2,2026,1
2026-01-01,1079,973,1035,1024,683,1,2026,1
2025-12-31,1076,952,1028,1001,644,31,2025,12
2025-12-30,1050,956,1012,996,837,30,2025,12
2025-12-29,1057,963,1014,1004,658,29,2025,12
2025-12-26,1067,962,1019,1012,472,26,2025,12
2025-12-24,1066,971,1027,1011,837,24,2025,12
2025-12-23,1077,977,1031,1021,744,23,2025,12
2025-12-22,1078,972,1029,1020,17,22,2025,12
2025-12-19,1070,961,1024,1009,243,19,2025,12
2025-12-18,1055,944,1009,995,690,18,2025,12
2025-12-17,1055,957,1006,998,720,17,2025,12
2025-12-16,1053,954,1010,997,117,16,2025,12
2025-12-15,1064,959,1015,1006,644,15,2025,12
2025-12-12,1065,958,1017,1005,630,12,2025,12
2025-12-11,1056,948,1006,985,619,11,2025,12
2025-12-10,1046,943,1005,991,777,10,2025,12
2025-12-09,1042,951,1001,983,105,9,2025,12
2025-12-08,1054,950,1008,994,91,8,2025,12
2025-12-05,1051,941,1004,984,17,5,2025,12
2025-12-04,1044,946,1018,982,126,4,2025,12
2025-12-03,1048,955,1011,993,666,3,2025,12
2025-12-02,1058,965,1020,1002,97,2,2025,12
2025-12-01,1073,974,1029,1019,845,1,2025,12
2025-11-28,1074,968,1033,1017,848,28,2025,11
2025-11-27,1069,974,1026,1014,910,27,2025,11
2025-11-26,1075,953,1022,1000,250,26,2025,11
2025-11-25,1049,945,1016,987,303,25,2025,11
2025-11-24,1045,957,1006,992,421,24,2025,11
2025-11-21,1059,952,1013,999,899,21,2025,11
2025-11-20,1060,940,1007,988,414,20,2025,11
2025-11-19,1034,929,983,979,642,19,2025,11
2025-11-18,1036,936,993,976,74,18,2025,11
2025-11-17,1032,934,985,977,651,17,2025,11
2025-11-14,1034,917,980,968,753,14,2025,11
2025-11-13,1021,927,982,971,725,13,2025,11
2025-11-12,1022,916,986,962,161,12,2025,11
2025-11-11,994,902,946,930,721,11,2025,11
2025-11-10,986,860,952,917,717,10,2025,11
2025-11-07,957,901,945,919,765,7,2025,11
2025-11-06,1001,875,954,921,368,6,2025,11
2025-11-04,947,874,932,910,3,4,2025,11
2025-11-03,970,879,938,929,811,3,2025,11
2025-10-31,979,888,941,932,834,31,2025,10
2025-10-30,985,907,955,936,875,30,2025,10
2025-10-29,1013,887,965,943,127,29,2025,10
2025-10-28,980,876,930,924,394,28,2025,10
2025-10-27,969,828,911,876,254,27,2025,10
2025-10-24,885,800,841,829,902,24,2025,10
2025-10-23,876,853,900,835,433,23,2025,10
2025-10-21,924,839,874,881,470,21,2025,10
2025-10-20,931,785,873,815,547,20,2025,10
2025-10-17,813,719,770,746,450,17,2025,10
2025-10-16,777,671,733,706,158,16,2025,10
2025-10-15,736,687,709,702,64,15,2025,10
2025-10-14,740,680,714,698,909,14,2025,10
2025-10-13,739,675,699,689,750,13,2025,10
2025-10-10,749,678,714,707,680,10,2025,10
2025-10-09,745,669,701,695,838,9,2025,10
2025-10-08,721,690,716,684,818,8,2025,10
2025-10-07,753,673,725,709,86,7,2025,10
2025-10-06,739,653,698,676,163,6,2025,10
2025-10-03,718,655,689,673,188,3,2025,10
2025-10-01,725,659,700,682,138,1,2025,10
2025-09-30,719,676,697,683,285,30,2025,9
2025-09-29,734,684,716,690,260,29,2025,9
2025-09-26,744,667,706,687,915,26,2025,9
2025-09-25,731,683,710,694,98,25,2025,9
2025-09-24,751,692,726,714,655,24,2025,9
2025-09-23,761,702,724,710,247,23,2025,9
2025-09-22,764,723,749,727,760,22,2025,9
2025-09-19,795,739,758,755,218,19,2025,9
2025-09-18,810,747,767,768,876,18,2025,9
2025-09-17,809,729,757,760,745,17,2025,9
2025-09-16,789,727,745,745,827,16,2025,9
2025-09-15,779,705,734,730,633,15,2025,9
2025-09-12,772,688,727,715,736,12,2025,9
2025-09-11,752,673,711,706,909,11,2025,9
2025-09-10,742,689,715,704,762,10,2025,9
2025-09-09,741,674,705,692,907,9,2025,9
2025-09-08,746,680,712,700,710,8,2025,9
2025-09-05,739,654,704,677,645,5,2025,9
2025-09-04,715,666,693,674,211,4,2025,9
2025-09-03,733,662,696,679,766,3,2025,9
2025-09-02,720,648,710,671,107,2,2025,9
2025-09-01,709,649,683,662,85,1,2025,9
2025-08-29,713,682,740,667,435,29,2025,8
2025-08-28,755,699,719,688,207,28,2025,8
2025-08-26,754,730,747,717,144,26,2025,8
2025-08-25,803,738,761,757,659,25,2025,8
2025-08-22,798,745,771,761,646,22,2025,8
2025-08-21,831,756,789,791,73,21,2025,8
2025-08-20,806,736,776,766,831,20,2025,8
2025-08-19,822,701,766,731,270,19,2025,8
2025-08-18,749,701,723,711,121,18,2025,8
2025-08-14,735,677,703,698,721,14,2025,8
2025-08-13,750,696,718,712,741,13,2025,8
2025-08-12,747,685,737,708,152,12,2025,8
2025-08-11,757,663,714,680,2,11,2025,8
2025-08-08,723,691,730,685,835,8,2025,8
2025-08-07,760,695,721,687,923,7,2025,8
2025-08-06,767,703,725,721,647,6,2025,8
2025-08-05,766,734,751,729,875,5,2025,8
2025-08-04,802,707,756,734,678,4,2025,8
2025-08-01,768,694,741,724,29,1,2025,8
2025-07-31,762,697,738,719,381,31,2025,7
2025-07-30,801,742,770,749,726,30,2025,7
2025-07-29,814,687,763,720,56,29,2025,7
2025-07-28,759,704,744,726,759,28,2025,7
2025-07-25,766,715,736,723,124,25,2025,7
2025-07-24,785,744,769,740,295,24,2025,7
2025-07-23,830,760,778,776,806,23,2025,7
2025-07-22,804,764,789,768,485,22,2025,7
2025-07-21,841,834,880,795,521,21,2025,7
2025-07-18,953,877,908,908,27,18,2025,7
2025-07-17,954,882,925,914,124,17,2025,7
2025-07-16,973,849,928,913,36,16,2025,7
2025-07-15,972,880,939,933,788,15,2025,7
2025-07-14,968,893,948,928,28,14,2025,7
2025-07-11,997,924,975,947,727,11,2025,7
2025-07-10,1030,932,986,972,7,10,2025,7
2025-07-09,1035,947,1008,975,842,9,2025,7
2025-07-08,1047,946,1003,989,723,8,2025,7
2025-07-07,1052,938,1002,986,728,7,2025,7
2025-07-04,1040,937,994,981,691,4,2025,7
2025-07-03,1031,933,996,980,89,3,2025,7
2025-07-02,1033,939,994,973,679,2,2025,7
2025-07-01,1041,908,995,963,33,1,2025,7
2025-06-30,1010,926,987,954,810,30,2025,6
2025-06-27,1028,906,981,956,78,27,2025,6
2025-06-26,998,843,946,900,290,26,2025,6
2025-06-25,934,833,869,883,746,25,2025,6
2025-06-24,882,834,878,834,354,24,2025,6
2025-06-23,897,804,847,831,660,23,2025,6
2025-06-20,927,771,863,808,573,20,2025,6
2025-06-19,851,770,805,802,3,19,2025,6
2025-06-18,844,769,816,802,694,18,2025,6
2025-06-17,846,798,822,803,33,17,2025,6
2025-06-16,859,762,815,798,812,16,2025,6
2025-06-13,839,755,797,775,908,13,2025,6
2025-06-12,868,807,836,817,838,12,2025,6
2025-06-11,878,795,855,834,794,11,2025,6
2025-06-10,860,800,832,818,770,10,2025,6
2025-06-09,877,812,837,839,769,9,2025,6
2025-06-06,872,786,828,820,793,6,2025,6
2025-06-05,870,766,834,796,235,5,2025,6
2025-06-04,828,738,777,758,788,4,2025,6
2025-06-03,790,752,779,754,87,3,2025,6
2025-06-02,808,735,760,739,786,2,2025,6
2025-05-30,824,741,786,765,240,30,2025,5
2025-05-29,815,735,762,762,238,29,2025,5
2025-05-28,805,746,768,768,657,28,2025,5
2025-05-27,825,761,799,774,177,27,2025,5
2025-05-26,853,774,809,799,620,26,2025,5
2025-05-23,837,728,794,759,686,23,2025,5
2025-05-22,799,750,773,741,142,22,2025,5
2025-05-21,843,754,798,785,669,21,2025,5
2025-05-20,830,783,820,793,88,20,2025,5
2025-05-19,864,802,833,822,673,19,2025,5
2025-05-16,895,805,844,845,854,16,2025,5
2025-05-15,890,756,845,770,479,15,2025,5
2025-05-14,829,745,784,778,640,14,2025,5
2025-05-13,811,776,821,769,98,13,2025,5
2025-05-12,857,717,802,747,53,12,2025,5
2025-05-09,743,693,722,705,231,9,2025,5
2025-05-08,794,726,765,743,345,8,2025,5
2025-05-07,791,749,775,752,216,7,2025,5
2025-05-06,824,771,790,767,252,6,2025,5
2025-05-05,847,771,803,805,179,5,2025,5
2025-05-02,826,737,780,763,392,2,2025,5
2025-04-30,788,721,752,694,554,30,2025,4
2025-04-29,780,664,750,697,599,29,2025,4
2025-04-28,726,642,694,646,590,28,2025,4
2025-04-25,675,618,664,630,271,25,2025,4
2025-04-24,676,605,646,635,41,24,2025,4
2025-04-23,674,613,648,622,42,23,2025,4
2025-04-22,662,615,644,625,201,22,2025,4
2025-04-21,671,577,639,594,38,21,2025,4
2025-04-17,639,504,608,510,314,17,2025,4
2025-04-16,557,492,523,512,798,16,2025,4
2025-04-15,562,533,545,534,215,15,2025,4
2025-04-11,509,408,481,435,84,11,2025,4
2025-04-09,425,335,395,361,20,9,2025,4
2025-04-08,415,343,414,342,456,8,2025,4
2025-04-07,356,222,333,202,513,7,2025,4
2025-04-04,475,508,535,429,402,4,2025,4
2025-04-03,580,490,547,523,738,3,2025,4
2025-04-02,582,524,554,551,14,2,2025,4
2025-04-01,587,566,603,564,141,1,2025,4
2025-03-28,641,591,630,599,413,28,2025,3
2025-03-27,644,586,614,605,303,27,2025,3
2025-03-26,635,604,627,598,139,26,2025,3
2025-03-25,655,622,652,616,234,25,2025,3
2025-03-24,677,604,648,618,482,24,2025,3
2025-03-21,642,580,609,602,503,21,2025,3
2025-03-20,628,534,593,567,340,20,2025,3
2025-03-19,576,507,551,537,346,19,2025,3
2025-03-18,555,516,539,526,330,18,2025,3
2025-03-17,556,511,559,524,363,17,2025,3
2025-03-13,579,552,568,550,890,13,2025,3
2025-03-12,598,546,566,552,133,12,2025,3
2025-03-11,577,503,541,516,11,11,2025,3
2025-03-10,553,519,561,529,130,10,2025,3
2025-03-07,581,453,553,473,357,7,2025,3
2025-03-06,486,416,462,412,274,6,2025,3
2025-03-05,392,301,374,318,824,5,2025,3
2025-03-04,344,308,339,325,96,4,2025,3
2025-03-03,376,433,439,311,404,3,2025,3
2025-02-28,467,426,470,431,530,28,2025,2
2025-02-27,480,450,464,447,106,27,2025,2
2025-02-25,473,445,479,450,109,25,2025,2
2025-02-24,498,457,483,468,723,24,2025,2
2025-02-21,529,483,520,498,705,21,2025,2
2025-02-20,541,471,517,497,763,20,2025,2
2025-02-19,527,463,501,487,674,19,2025,2
2025-02-18,523,474,497,483,693,18,2025,2
2025-02-17,522,446,493,455,792,17,2025,2
2025-02-14,504,461,485,457,27,14,2025,2
2025-02-13,501,458,496,473,816,13,2025,2
2025-02-12,502,462,491,432,495,12,2025,2
2025-02-11,545,565,571,517,841,11,2025,2
2025-02-10,590,564,575,557,709,10,2025,2
2025-02-07,623,584,612,588,834,7,2025,2
2025-02-06,650,579,618,604,921,6,2025,2
2025-02-05,644,592,624,611,12,5,2025,2
2025-02-04,654,526,619,559,366,4,2025,2
2025-02-03,574,533,555,535,871,3,2025,2
2025-02-01,617,567,586,543,720,1,2025,2
2025-01-31,618,543,577,561,690,31,2025,1
2025-01-30,588,493,557,520,872,30,2025,1
2025-01-29,546,494,527,511,656,29,2025,1
2025-01-28,544,498,531,489,47,28,2025,1
2025-01-27,534,501,522,491,892,27,2025,1
2025-01-24,575,569,593,549,261,24,2025,1
2025-01-23,615,577,599,586,830,23,2025,1
2025-01-22,643,587,611,597,24,22,2025,1
2025-01-21,637,624,656,603,281,21,2025,1
2025-01-20,683,626,660,640,249,20,2025,1
2025-01-17,679,628,665,620,575,17,2025,1
2025-01-16,621,550,595,571,255,16,2025,1
2025-01-15,585,518,557,544,895,15,2025,1
2025-01-14,554,514,552,509,203,14,2025,1
2025-01-13,559,485,534,508,237,13,2025,1
2025-01-10,567,539,556,532,787,10,2025,1
2025-01-09,592,571,584,560,185,9,2025,1
2025-01-08,620,529,587,555,451,8,2025,1
2025-01-07,563,468,530,493,9,7,2025,1
2025-01-06,506,540,563,479,297,6,2025,1
2025-01-03,582,513,564,530,319,3,2025,1
2025-01-02,566,467,529,491,318,2,2025,1
2025-01-01,513,451,489,471,653,1,2025,1
2024-12-31,499,438,474,459,683,31,2024,12
2024-12-30,491,455,482,463,837,30,2024,12
2024-12-27,511,459,495,484,712,27,2024,12
2024-12-26,502,473,494,476,4,26,2024,12
2024-12-24,517,469,505,492,696,24,2024,12
2024-12-23,515,452,492,475,7,23,2024,12
2024-12-20,476,472,518,450,483,20,2024,12
2024-12-19,536,500,532,512,261,19,2024,12
2024-12-18,589,506,562,542,178,18,2024,12
2024-12-17,573,555,567,548,391,17,2024,12
2024-12-16,626,580,609,593,888,16,2024,12
2024-12-13,634,551,596,538,570,13,2024,12
2024-12-12,612,577,604,584,493,12,2024,12
2024-12-11,644,596,622,610,116,11,2024,12
2024-12-10,653,600,629,613,342,10,2024,12
2024-12-09,670,617,657,636,289,9,2024,12
2024-12-06,689,629,662,645,854,6,2024,12
2024-12-05,690,625,670,643,372,5,2024,12
2024-12-04,686,631,668,642,458,4,2024,12
2024-12-03,691,627,666,644,373,3,2024,12
2024-12-02,687,598,655,612,73,2,2024,12
2024-11-29,664,591,637,608,209,29,2024,11
2024-11-28,632,601,634,600,303,28,2024,11
2024-11-27,666,608,643,623,894,27,2024,11
2024-11-26,672,611,635,617,871,26,2024,11
2024-11-25,656,602,645,615,571,25,2024,11
2024-11-22,619,484,582,499,487,22,2024,11
2024-11-21,518,510,528,485,453,21,2024,11
2024-11-19,565,554,610,528,258,19,2024,11
2024-11-18,604,573,592,551,226,18,2024,11
2024-11-14,624,537,591,570,176,14,2024,11
2024-11-13,584,578,597,565,288,13,2024,11
2024-11-12,638,583,621,595,53,12,2024,11
2024-11-11,633,589,615,594,856,11,2024,11
2024-11-08,652,614,640,607,467,8,2024,11
2024-11-07,684,630,663,641,898,7,2024,11
2024-11-06,693,623,667,639,501,6,2024,11
2024-11-05,682,607,653,624,349,5,2024,11
2024-11-04,678,641,671,621,466,4,2024,11
2024-11-01,699,635,672,656,471,1,2024,11
2024-10-31,696,642,673,654,876,31,2024,10
2024-10-30,704,636,678,653,133,30,2024,10
2024-10-29,701,632,674,647,136,29,2024,10
2024-10-28,697,639,680,649,60,28,2024,10
2024-10-25,694,644,676,648,428,25,2024,10
2024-10-24,700,638,675,651,513,24,2024,10
2024-10-23,698,640,681,657,386,23,2024,10
2024-10-22,702,661,695,661,333,22,2024,10
2024-10-21,727,660,693,675,251,21,2024,10
2024-10-18,715,646,686,664,140,18,2024,10
2024-10-17,711,658,687,669,321,17,2024,10
2024-10-16,710,642,684,660,473,16,2024,10
2024-10-15,705,650,690,663,600,15,2024,10
2024-10-14,732,679,702,691,150,14,2024,10
2024-10-11,730,663,707,693,776,11,2024,10
2024-10-10,729,681,712,696,519,10,2024,10
2024-10-09,737,712,735,701,267,9,2024,10
2024-10-08,776,668,736,686,378,8,2024,10
2024-10-07,728,706,729,681,514,7,2024,10
2024-10-04,758,724,759,718,605,4,2024,10
2024-10-03,793,781,824,750,606,3,2024,10
2024-10-01,921,866,919,891,356,1,2024,10
2024-09-30,955,931,988,915,559,30,2024,9
2024-09-27,1039,905,997,950,489,27,2024,9
2024-09-26,1002,890,958,942,437,26,2024,9
2024-09-25,996,874,939,930,717,25,2024,9
2024-09-24,987,884,951,940,382,24,2024,9
2024-09-23,993,891,953,944,838,23,2024,9
2024-09-20,976,852,938,912,586,20,2024,9
2024-09-19,937,835,881,868,376,19,2024,9
2024-09-18,917,845,896,884,821,18,2024,9
2024-09-17,945,852,884,903,657,17,2024,9
2024-09-16,942,859,895,897,636,16,2024,9
2024-09-13,946,857,903,909,829,13,2024,9
2024-09-12,961,812,914,841,518,12,2024,9
2024-09-11,884,829,856,847,908,11,2024,9
2024-09-10,911,822,867,874,58,10,2024,9
2024-09-09,914,837,858,869,852,9,2024,9
2024-09-06,921,896,940,888,452,6,2024,9
2024-09-05,992,930,990,938,348,5,2024,9
2024-09-04,1026,909,976,961,133,4,2024,9
2024-09-03,1018,935,984,972,67,3,2024,9
2024-09-02,1029,922,991,970,86,2,2024,9
2024-08-30,1019,943,1000,966,624,30,2024,8
2024-08-29,1038,913,998,953,609,29,2024,8
2024-08-28,1004,916,963,951,898,28,2024,8
2024-08-27,1009,921,973,960,675,27,2024,8
2024-08-26,1023,919,984,965,837,26,2024,8
2024-08-23,1007,914,970,958,871,23,2024,8
2024-08-22,1003,912,961,949,39,22,2024,8
2024-08-21,1005,898,964,945,761,21,2024,8
2024-08-20,1000,903,957,946,810,20,2024,8
2024-08-19,984,869,944,931,241,19,2024,8
2024-08-16,958,841,894,877,883,16,2024,8
2024-08-14,913,831,866,861,676,14,2024,8
2024-08-13,918,823,860,876,676,13,2024,8
2024-08-12,907,845,871,875,793,12,2024,8
2024-08-09,950,821,881,870,675,9,2024,8
2024-08-08,879,814,849,842,162,8,2024,8
2024-08-07,921,842,870,886,792,7,2024,8
2024-08-06,893,809,885,855,21,6,2024,8
2024-08-05,874,864,905,814,379,5,2024,8
2024-08-02,1006,916,967,952,24,2,2024,8
2024-08-01,1027,924,977,967,57,1,2024,8
2024-07-31,1014,915,969,964,8,31,2024,7
2024-07-30,1024,928,989,974,797,30,2024,7
2024-07-29,1037,923,992,978,747,29,2024,7
2024-07-26,1017,894,971,948,914,26,2024,7
2024-07-25,990,867,950,923,168,25,2024,7
2024-07-24,999,878,968,922,129,24,2024,7
2024-07-23,983,910,959,893,409,23,2024,7
2024-07-22,1011,949,999,959,462,22,2024,7
2024-07-19,1063,979,1034,1010,205,19,2024,7
2024-07-18,1084,975,1036,1016,156,18,2024,7
2024-07-16,1080,983,1040,1022,880,16,2024,7
2024-07-15,1089,986,1044,1030,632,15,2024,7
2024-07-12,1088,978,1043,1025,194,12,2024,7
2024-07-11,1082,980,1042,1023,131,11,2024,7
2024-07-10,1083,984,1038,1018,721,10,2024,7
2024-07-09,1086,985,1041,1028,708,9,2024,7
2024-07-08,1090,981,1045,1029,889,8,2024,7
2024-07-05,1085,960,1039,1007,154,5,2024,7
2024-07-04,1062,964,1020,1008,700,4,2024,7
2024-07-03,1061,967,1025,1003,855,3,2024,7
2024-07-02,1071,970,1023,1015,759,2,2024,7
2024-07-01,1068,966,1030,1013,757,1,2024,7
2024-06-28,1072,942,1032,990,572,28,2024,6
2024-06-27,1043,925,999,969,567,27,2024,6
2024-06-26,1025,796,978,838,509,26,2024,6
2024-06-25,889,790,835,829,715,25,2024,6
2024-06-24,866,794,825,821,843,24,2024,6
2024-06-21,890,850,875,828,591,21,2024,6
2024-06-20,948,818,899,850,345,20,2024,6
2024-06-19,901,883,918,870,831,19,2024,6
2024-06-18,964,881,917,911,725,18,2024,6
2024-06-14,956,845,890,871,791,14,2024,6
2024-06-13,925,847,868,882,865,13,2024,6
2024-06-12,916,813,880,867,10,12,2024,6
2024-06-11,896,842,872,864,120,11,2024,6
2024-06-10,943,844,933,905,871,10,2024,6
2024-06-07,938,767,866,804,426,7,2024,6
2024-06-06,849,777,819,792,401,6,2024,6
2024-06-05,823,751,787,723,391,5,2024,6
2024-06-04,775,904,943,677,604,4,2024,6
2024-06-03,1020,870,974,879,499,3,2024,6
2024-05-31,845,773,814,794,589,31,2024,5
2024-05-30,832,778,807,790,210,30,2024,5
2024-05-29,863,797,839,823,734,29,2024,5
2024-05-28,894,839,886,857,765,28,2024,5
2024-05-27,928,865,909,887,692,27,2024,5
2024-05-24,963,873,921,920,718,24,2024,5
2024-05-23,978,816,931,865,286,23,2024,5
2024-05-22,908,780,857,819,25,22,2024,5
2024-05-21,856,758,811,801,81,21,2024,5
2024-05-18,854,782,803,812,626,18,2024,5
2024-05-17,855,753,800,773,67,17,2024,5
2024-05-16,834,743,783,744,293,16,2024,5
2024-05-15,812,748,785,772,629,15,2024,5
2024-05-14,821,718,781,748,724,14,2024,5
2024-05-13,784,716,742,722,812,13,2024,5
2024-05-10,796,710,747,728,43,10,2024,5
2024-05-09,771,736,772,732,72,9,2024,5
2024-05-08,817,711,791,742,885,8,2024,5
2024-05-07,782,740,764,736,277,7,2024,5
2024-05-06,819,778,806,783,735,6,2024,5
2024-05-03,852,846,877,779,387,3,2024,5
2024-05-02,929,847,883,896,276,2,2024,5
2024-04-30,932,839,901,892,103,30,2024,4
2024-04-29,922,800,852,849,728,29,2024,4
2024-04-26,887,832,849,849,882,26,2024,4
2024-04-25,904,789,853,830,338,25,2024,4
2024-04-24,881,830,854,848,40,24,2024,4
2024-04-23,903,861,934,868,286,23,2024,4
2024-04-22,962,848,898,904,32,22,2024,4
2024-04-19,939,811,874,833,329,19,2024,4
2024-04-18,920,830,914,880,441,18,2024,4
2024-04-16,926,806,864,852,878,16,2024,4
2024-04-15,921,825,897,843,192,15,2024,4
2024-04-12,933,856,915,894,322,12,2024,4
2024-04-10,960,836,916,901,862,10,2024,4
2024-04-09,919,885,926,890,717,9,2024,4
2024-04-08,977,827,927,885,807,8,2024,4
2024-04-05,905,824,862,870,739,5,2024,4
2024-04-04,915,862,891,849,275,4,2024,4
2024-04-03,944,868,906,907,713,3,2024,4
2024-04-02,981,875,936,916,844,2,2024,4
2024-04-01,971,895,935,934,628,1,2024,4
2024-03-28,975,897,960,927,505,28,2024,3
2024-03-27,991,798,948,844,353,27,2024,3
2024-03-26,867,792,829,824,99,26,2024,3
2024-03-22,891,799,843,846,454,22,2024,3
2024-03-21,883,803,838,836,200,21,2024,3
2024-03-20,873,765,820,797,814,20,2024,3
2024-03-19,833,768,801,782,801,19,2024,3
2024-03-18,862,745,810,781,864,18,2024,3
2024-03-15,816,759,792,771,445,15,2024,3
2024-03-14,848,784,823,800,427,14,2024,3
2024-03-13,850,863,902,807,221,13,2024,3
2024-03-12,952,838,920,899,884,12,2024,3
2024-03-11,930,885,923,895,89,11,2024,3
2024-03-07,959,911,955,918,803,7,2024,3
2024-03-06,1012,899,966,926,764,6,2024,3
2024-03-05,1008,918,962,937,719,5,2024,3
2024-03-04,1015,889,972,939,4,4,2024,3
2024-03-02,988,892,949,941,778,2,2024,3
2024-03-01,989,830,948,890,142,1,2024,3
2024-02-29,910,834,887,863,535,29,2024,2
2024-02-28,892,870,929,851,823,28,2024,2
2024-02-27,974,871,947,925,61,27,2024,2
2024-02-26,982,900,937,934,744,26,2024,2
2024-02-23,995,886,942,935,272,23,2024,2
2024-02-22,966,840,910,876,424,22,2024,2
2024-02-21,935,852,922,873,182,21,2024,2
2024-02-20,941,854,879,889,720,20,2024,2
2024-02-19,949,826,889,859,696,19,2024,2
2024-02-16,906,858,882,878,909,16,2024,2
2024-02-15,940,872,907,902,3,15,2024,2
2024-02-14,965,813,904,872,720,14,2024,2
2024-02-13,923,810,888,862,757,13,2024,2
2024-02-12,886,823,844,832,693,12,2024,2
2024-02-09,909,808,865,853,172,9,2024,2
2024-02-08,880,800,840,806,291,8,2024,2
2024-02-07,869,779,825,809,874,7,2024,2
2024-02-06,838,788,812,789,855,6,2024,2
2024-02-05,861,823,861,811,836,5,2024,2
2024-02-02,898,775,876,813,460,2,2024,2
2024-02-01,836,777,818,784,214,1,2024,2
2024-01-31,835,725,795,751,306,31,2024,1
2024-01-30,797,820,842,756,253,30,2024,1
2024-01-29,875,656,830,678,542,29,2024,1
2024-01-25,708,643,685,658,123,25,2024,1
2024-01-24,703,637,677,652,507,24,2024,1
2024-01-23,695,665,691,650,475,23,2024,1
2024-01-20,712,657,708,667,730,20,2024,1
2024-01-19,722,673,695,676,37,19,2024,1
2024-01-18,724,645,688,668,25,18,2024,1
2024-01-17,717,651,713,672,148,17,2024,1
2024-01-16,738,700,727,699,857,16,2024,1
2024-01-15,771,670,728,687,822,15,2024,1
2024-01-12,728,652,692,666,302,12,2024,1
2024-01-11,716,633,682,655,539,11,2024,1
2024-01-10,692,599,669,629,77,10,2024,1
2024-01-09,661,615,641,631,633,9,2024,1
2024-01-08,668,620,659,619,758,8,2024,1
2024-01-05,681,616,654,638,785,5,2024,1
2024-01-04,673,609,647,632,898,4,2024,1
2024-01-03,663,620,661,631,854,3,2024,1
2024-01-02,685,606,651,626,740,2,2024,1
2024-01-01,669,603,642,628,616,1,2024,1
2023-12-29,665,621,649,633,62,29,2023,12
2023-12-28,680,610,648,637,156,28,2023,12
2023-12-27,667,604,638,627,867,27,2023,12
2023-12-26,659,594,631,614,742,26,2023,12
2023-12-22,651,590,623,606,360,22,2023,12
2023-12-21,649,559,616,582,238,21,2023,12
2023-12-20,614,597,636,583,397,20,2023,12
2023-12-19,646,585,617,590,371,19,2023,12
2023-12-18,603,525,579,556,257,18,2023,12
2023-12-15,578,500,542,527,337,15,2023,12
2023-12-14,539,480,512,495,377,14,2023,12
2023-12-13,503,445,476,453,5,13,2023,12
2023-12-12,494,485,500,467,867,12,2023,12
2023-12-11,535,482,506,506,717,11,2023,12
2023-12-08,528,489,514,500,18,8,2023,12
2023-12-07,530,485,498,492,789,7,2023,12
2023-12-06,537,470,511,486,355,6,2023,12
2023-12-05,508,463,478,469,179,5,2023,12
2023-12-04,489,475,487,444,324,4,2023,12
2023-12-01,459,396,421,422,268,1,2023,12
2023-11-30,435,418,426,411,568,30,2023,11
2023-11-29,468,433,437,442,169,29,2023,11
2023-11-28,460,415,424,420,240,28,2023,11
2023-11-24,458,412,430,436,697,24,2023,11
2023-11-23,462,405,425,433,818,23,2023,11
2023-11-22,450,390,416,415,818,22,2023,11
2023-11-21,438,378,407,400,795,21,2023,11
2023-11-20,388,353,357,363,618,20,2023,11
2023-11-17,400,364,385,392,760,17,2023,11
2023-11-16,412,360,387,383,204,16,2023,11
2023-11-15,401,337,364,344,150,15,2023,11
2023-11-13,323,305,299,310,582,13,2023,11
2023-11-12,355,310,314,336,0,12,2023,11
2023-11-10,325,272,285,289,758,10,2023,11
2023-11-09,317,326,320,301,276,9,2023,11
2023-11-08,364,318,330,334,768,8,2023,11
2023-11-07,344,322,326,326,708,7,2023,11
2023-11-06,368,319,328,341,51,6,2023,11
2023-11-03,337,313,318,320,840,3,2023,11
2023-11-02,339,288,298,304,46,2,2023,11
2023-11-01,297,252,286,255,28,1,2023,11
2023-10-31,280,314,307,268,187,31,2023,10
2023-10-30,319,234,302,248,370,30,2023,10
2023-10-27,253,193,231,213,120,27,2023,10
2023-10-26,204,209,211,191,308,26,2023,10
2023-10-25,245,208,243,221,112,25,2023,10
2023-10-23,249,253,272,233,766,23,2023,10
2023-10-20,300,267,282,287,844,20,2023,10
2023-10-19,310,286,293,293,137,19,2023,10
2023-10-18,346,367,375,330,845,18,2023,10
2023-10-17,399,370,361,373,772,17,2023,10
2023-10-16,378,346,349,361,656,16,2023,10
2023-10-13,387,337,354,346,15,13,2023,10
2023-10-12,389,342,360,365,171,12,2023,10
2023-10-11,381,289,342,314,912,11,2023,10
2023-10-10,311,276,288,300,21,10,2023,10
2023-10-09,299,278,277,284,749,9,2023,10
2023-10-06,334,292,300,312,635,6,2023,10
2023-10-05,321,296,311,307,69,5,2023,10
2023-10-04,322,279,289,285,26,4,2023,10
2023-10-03,335,317,319,321,841,3,2023,10
2023-09-29,380,338,378,355,159,29,2023,9
2023-09-28,359,403,400,339,277,28,2023,9
2023-09-27,423,341,383,367,116,27,2023,9
2023-09-26,376,332,343,359,11,26,2023,9
2023-09-25,371,358,363,358,262,25,2023,9
2023-09-22,398,393,399,388,444,22,2023,9
2023-09-21,416,389,409,399,151,21,2023,9
2023-09-20,444,449,460,396,665,20,2023,9
2023-09-18,507,465,488,482,745,18,2023,9
2023-09-15,531,491,507,502,553,15,2023,9
2023-09-14,526,485,502,500,868,14,2023,9
2023-09-13,524,464,499,474,186,13,2023,9
2023-09-12,510,509,525,488,348,12,2023,9
2023-09-11,551,477,515,505,212,11,2023,9
2023-09-08,521,464,496,470,531,8,2023,9
2023-09-07,500,444,475,458,229,7,2023,9
2023-09-06,497,443,472,465,794,6,2023,9
2023-09-05,493,442,469,460,826,5,2023,9
2023-09-04,477,436,452,452,877,4,2023,9
2023-09-01,479,430,457,449,411,1,2023,9
2023-08-31,472,448,456,446,502,31,2023,8
2023-08-30,484,453,480,461,146,30,2023,8
2023-08-29,490,478,490,454,374,29,2023,8
2023-08-28,514,494,526,480,174,28,2023,8
2023-08-25,543,482,549,494,515,25,2023,8
2023-08-24,560,575,585,530,256,24,2023,8
2023-08-23,605,557,588,580,891,23,2023,8
2023-08-22,600,548,583,565,756,22,2023,8
2023-08-21,602,576,601,579,869,21,2023,8
2023-08-18,645,568,619,577,430,18,2023,8
2023-08-17,627,593,620,592,231,17,2023,8
2023-08-16,657,581,626,609,18,16,2023,8
2023-08-14,658,574,625,589,895,14,2023,8
2023-08-11,636,570,606,578,514,11,2023,8
2023-08-10,625,558,595,576,317,10,2023,8
2023-08-09,610,536,570,541,104,9,2023,8
2023-08-08,591,562,578,566,913,8,2023,8
2023-08-07,608,553,569,573,659,7,2023,8
2023-08-04,593,530,561,531,528,4,2023,8
2023-08-03,552,497,543,513,16,3,2023,8
2023-08-02,569,541,555,519,183,2,2023,8
2023-08-01,597,585,607,574,892,1,2023,8
2023-07-31,640,561,598,581,820,31,2023,7
2023-07-28,616,544,588,568,491,28,2023,7
2023-07-27,583,572,581,554,387,27,2023,7
2023-07-26,613,512,594,545,193,26,2023,7
2023-07-25,568,523,550,539,137,25,2023,7
2023-07-24,570,505,560,525,539,24,2023,7
2023-07-21,629,619,650,587,583,21,2023,7
2023-07-20,688,602,658,634,612,20,2023,7
2023-07-19,660,595,632,601,603,19,2023,7
2023-07-18,648,588,618,596,541,18,2023,7
2023-07-17,630,522,602,536,488,17,2023,7
2023-07-14,571,527,551,533,244,14,2023,7
2023-07-13,572,560,586,546,223,13,2023,7
2023-07-12,596,542,589,575,388,12,2023,7
2023-07-11,594,531,558,547,425,11,2023,7
2023-07-10,564,466,546,477,584,10,2023,7
2023-07-07,456,413,446,428,160,7,2023,7
2023-07-06,463,334,428,368,395,6,2023,7
2023-07-05,383,382,377,366,886,5,2023,7
2023-07-04,391,404,402,362,739,4,2023,7
2023-07-03,431,303,397,327,84,3,2023,7
2023-06-30,327,285,292,292,26,30,2023,6
2023-06-28,294,243,269,247,42,28,2023,6
2023-06-27,254,224,238,236,847,27,2023,6
2023-06-26,252,238,244,238,114,26,2023,6
2023-06-23,274,261,262,264,668,23,2023,6
2023-06-22,303,299,322,290,714,22,2023,6
2023-06-21,351,300,315,316,685,21,2023,6
2023-06-20,342,287,306,294,681,20,2023,6
2023-06-19,330,348,337,305,677,19,2023,6
2023-06-16,369,307,335,338,517,16,2023,6
2023-06-15,333,291,305,295,65,15,2023,6
2023-06-14,331,250,290,272,153,14,2023,6
2023-06-13,282,223,252,235,34,13,2023,6
2023-06-12,241,207,215,216,654,12,2023,6
2023-06-09,237,238,236,228,634,9,2023,6
2023-06-08,259,236,247,240,80,8,2023,6
2023-06-07,256,217,226,224,891,7,2023,6
2023-06-06,232,213,213,212,707,6,2023,6
2023-06-05,228,192,206,207,9,5,2023,6
2023-06-02,208,199,203,196,283,2,2023,6
2023-06-01,214,211,208,206,219,1,2023,6
2023-05-31,221,230,239,210,549,31,2023,5
2023-05-30,279,249,268,267,41,30,2023,5
2023-05-29,281,250,259,257,870,29,2023,5
2023-05-26,270,184,237,195,113,26,2023,5
2023-05-25,188,159,165,158,48,25,2023,5
2023-05-24,190,174,180,179,743,24,2023,5
2023-05-23,206,188,187,197,641,23,2023,5
2023-05-22,207,162,183,176,702,22,2023,5
2023-05-19,196,160,161,163,738,19,2023,5
2023-05-18,181,179,173,171,904,18,2023,5
2023-05-17,186,190,182,173,787,17,2023,5
2023-05-16,205,221,224,193,783,16,2023,5
2023-05-15,246,218,232,225,678,15,2023,5
2023-05-12,242,198,212,204,684,12,2023,5
2023-05-11,235,227,238,227,906,11,2023,5
2023-05-10,255,219,225,229,6,10,2023,5
2023-05-09,233,206,210,214,658,9,2023,5
2023-05-08,223,180,205,188,811,8,2023,5
2023-05-05,195,170,177,182,784,5,2023,5
2023-05-04,200,141,168,154,775,4,2023,5
2023-05-03,161,173,159,153,688,3,2023,5
2023-05-02,192,166,160,172,133,2,2023,5
2023-04-28,164,105,134,122,269,28,2023,4
2023-04-27,102,92,85,96,812,27,2023,4
2023-04-26,80,101,87,84,773,26,2023,4
2023-04-25,100,82,80,80,817,25,2023,4
2023-04-24,75,92,81,77,131,24,2023,4
2023-04-21,65,67,66,63,716,21,2023,4
2023-04-20,63,73,63,59,686,20,2023,4
2023-04-19,68,54,62,60,93,19,2023,4
2023-04-18,59,98,76,54,897,18,2023,4
2023-04-17,86,146,137,79,361,17,2023,4
2023-04-13,72,71,68,68,100,13,2023,4
2023-04-12,64,52,72,58,369,12,2023,4
2023-04-11,53,49,46,53,905,11,2023,4
2023-04-10,41,66,55,48,132,10,2023,4
2023-04-06,61,42,57,43,378,6,2023,4
2023-04-05,44,62,51,32,302,5,2023,4
2023-04-03,50,61,53,41,889,3,2023,4
2023-03-31,48,23,47,18,557,31,2023,3
2023-03-29,13,15,18,2,390,29,2023,3
2023-03-28,21,19,27,11,111,28,2023,3
2023-03-27,17,7,26,1185,198,27,2023,3
2023-03-24,0,20,23,1182,99,24,2023,3
2023-03-23,20,25,30,15,301,23,2023,3
2023-03-22,29,32,35,22,10,22,2023,3
2023-03-21,26,8,31,5,463,21,2023,3
2023-03-20,1234,6,9,1175,408,20,2023,3
2023-03-17,7,17,25,3,592,17,2023,3
2023-03-16,10,16,26,1187,375,16,2023,3
2023-03-15,15,31,37,8,475,15,2023,3
2023-03-14,28,29,38,21,296,14,2023,3
2023-03-13,32,44,48,23,121,13,2023,3
2023-03-10,39,58,48,42,157,10,2023,3
2023-03-09,77,134,126,85,300,9,2023,3
2023-03-08,156,126,132,128,282,8,2023,3
2023-03-06,145,118,136,137,880,6,2023,3
2023-03-03,119,64,94,67,221,3,2023,3
2023-03-02,45,53,56,49,822,2,2023,3
2023-03-01,62,60,49,51,52,1,2023,3
2023-02-28,38,76,69,40,482,28,2023,2
2023-02-27,88,105,92,83,31,27,2023,2
2023-02-24,118,87,101,102,829,24,2023,2
2023-02-23,87,99,96,93,858,23,2023,2
2023-02-22,110,148,143,114,17,22,2023,2
2023-02-21,182,144,162,152,155,21,2023,2
2023-02-20,153,173,166,147,791,20,2023,2
2023-02-17,189,137,164,148,65,17,2023,2
2023-02-16,174,178,179,168,338,16,2023,2
2023-02-15,178,94,151,109,587,15,2023,2
2023-02-14,107,45,83,52,211,14,2023,2
2023-02-13,40,55,54,39,893,13,2023,2
2023-02-10,54,74,58,47,921,10,2023,2
2023-02-09,73,72,73,61,145,9,2023,2
2023-02-08,67,38,64,31,454,8,2023,2
2023-02-07,34,37,44,26,245,7,2023,2
2023-02-06,36,39,43,30,233,6,2023,2
2023-02-03,47,63,53,26,527,3,2023,2
2023-02-02,46,41,51,35,176,2,2023,2
2023-02-01,58,102,78,29,401,1,2023,2
2023-01-31,70,105,90,66,494,31,2023,1
2023-01-30,79,47,74,27,476,30,2023,1
2023-01-27,55,107,89,37,540,27,2023,1
2023-01-25,114,128,120,121,100,25,2023,1
2023-01-24,154,168,157,129,308,24,2023,1
2023-01-23,175,177,184,167,12,23,2023,1
2023-01-20,197,206,194,184,239,20,2023,1
2023-01-19,224,203,202,205,73,19,2023,1
2023-01-18,227,204,216,209,164,18,2023,1
2023-01-17,231,184,204,194,919,17,2023,1
2023-01-16,199,202,199,170,173,16,2023,1
2023-01-13,219,185,189,180,442,13,2023,1
2023-01-12,222,257,260,216,353,12,2023,1
2023-01-11,290,293,294,275,49,11,2023,1
2023-01-10,343,377,373,309,738,10,2023,1
2023-01-09,405,284,365,307,917,9,2023,1
2023-01-06,305,259,278,273,650,6,2023,1
2023-01-05,273,256,267,254,175,5,2023,1
2023-01-04,277,300,303,266,820,4,2023,1
2023-01-03,341,315,321,315,717,3,2023,1
2023-01-02,367,290,332,317,622,2,2023,1
2022-12-30,319,283,327,303,696,30,2022,12
2022-12-29,313,260,281,280,682,29,2022,12
2022-12-28,315,271,283,276,704,28,2022,12
2022-12-27,316,263,280,270,631,27,2022,12
2022-12-26,288,244,274,242,639,26,2022,12
2022-12-23,264,312,345,241,887,23,2022,12
2022-12-22,370,372,370,349,703,22,2022,12
2022-12-21,383,399,410,369,767,21,2022,12
2022-12-20,440,347,403,347,704,20,2022,12
2022-12-19,411,340,369,348,721,19,2022,12
2022-12-16,353,323,393,335,287,16,2022,12
2022-12-15,372,374,386,355,781,15,2022,12
2022-12-14,429,417,420,413,695,14,2022,12
2022-12-13,446,386,410,408,754,13,2022,12
2022-12-12,427,352,398,382,833,12,2022,12
2022-12-09,421,424,442,403,115,9,2022,12
2022-12-08,470,437,447,439,722,8,2022,12
2022-12-07,471,460,484,445,764,7,2022,12
2022-12-06,512,441,486,462,772,6,2022,12
2022-12-05,505,487,503,481,232,5,2022,12
2022-12-02,547,502,538,504,54,2,2022,12
2022-12-01,548,515,544,521,834,1,2022,12
2022-11-30,558,488,537,503,544,30,2022,11
2022-11-29,538,481,519,501,19,29,2022,11
2022-11-28,532,381,510,252,574,28,2022,11
2022-11-25,433,359,401,378,699,25,2022,11
2022-11-24,374,316,350,317,825,24,2022,11
2022-11-23,341,331,329,323,655,23,2022,11
2022-11-22,352,282,313,297,667,22,2022,11
2022-11-21,328,356,341,306,654,21,2022,11
2022-11-18,407,379,377,356,621,18,2022,11
2022-11-17,410,349,384,374,670,17,2022,11
2022-11-16,395,383,389,376,849,16,2022,11
2022-11-15,420,400,404,389,689,15,2022,11
2022-11-14,436,406,423,407,806,14,2022,11
2022-11-11,451,373,413,387,95,11,2022,11
2022-11-10,362,361,353,343,637,10,2022,11
2022-11-09,414,384,396,390,35,9,2022,11
2022-11-07,418,363,381,364,64,7,2022,11
2022-11-04,396,295,362,322,111,4,2022,11
2022-11-03,338,262,296,279,672,3,2022,11
2022-11-02,318,265,284,269,802,2,2022,11
2022-11-01,295,373,362,259,191,1,2022,11
2022-10-31,324,277,301,291,102,31,2022,10
2022-10-28,290,191,266,208,347,28,2022,10
2022-10-27,202,184,188,177,109,27,2022,10
2022-10-25,194,228,223,185,90,25,2022,10
2022-10-24,234,186,229,201,580,24,2022,10
2022-10-21,222,240,246,218,751,21,2022,10
2022-10-20,261,215,249,234,783,20,2022,10
2022-10-19,251,183,256,187,398,19,2022,10
2022-10-18,203,142,178,164,102,18,2022,10
2022-10-17,146,75,119,71,316,17,2022,10
2022-10-14,93,132,124,106,809,14,2022,10
2022-10-13,115,86,95,91,698,13,2022,10
2022-10-12,99,69,82,69,701,12,2022,10
2022-10-11,74,130,119,82,816,11,2022,10
2022-10-10,143,122,128,130,648,10,2022,10
2022-10-07,179,131,158,155,720,7,2022,10
2022-10-06,166,154,167,162,158,6,2022,10
2022-10-04,151,116,130,132,799,4,2022,10
2022-10-03,91,111,127,94,68,3,2022,10
2022-09-30,105,35,105,35,385,30,2022,9
2022-09-29,42,77,71,38,222,29,2022,9
2022-09-28,51,79,77,55,326,28,2022,9
2022-09-27,129,113,139,91,298,27,2022,9
2022-09-26,103,114,129,116,107,26,2022,9
2022-09-23,187,215,217,183,835,23,2022,9
2022-09-22,243,216,230,223,890,22,2022,9
2022-09-21,272,225,261,245,815,21,2022,9
2022-09-20,266,254,268,244,760,20,2022,9
2022-09-19,265,229,251,230,712,19,2022,9
2022-09-16,258,280,287,240,431,16,2022,9
2022-09-15,350,346,368,331,894,15,2022,9
2022-09-14,390,331,380,360,780,14,2022,9
2022-09-13,437,395,405,401,794,13,2022,9
2022-09-12,408,321,382,354,702,12,2022,9
2022-09-09,357,383,380,345,752,9,2022,9
2022-09-08,385,357,358,355,687,8,2022,9
2022-09-07,377,331,351,353,706,7,2022,9
2022-09-06,406,327,373,357,8,6,2022,9
2022-09-05,358,264,334,288,40,5,2022,9
2022-09-02,296,309,325,281,135,2,2022,9
2022-09-01,348,345,371,319,419,1,2022,9
2022-08-30,461,387,429,370,497,30,2022,8
2022-08-29,407,350,434,372,418,29,2022,8
2022-08-26,434,409,431,409,918,26,2022,8
2022-08-25,452,427,444,426,729,25,2022,8
2022-08-24,464,421,455,438,894,24,2022,8
2022-08-23,469,366,432,393,846,23,2022,8
2022-08-22,418,391,408,384,832,22,2022,8
2022-08-19,428,428,443,406,831,19,2022,8
2022-08-18,482,437,451,440,700,18,2022,8
2022-08-17,488,440,466,456,666,17,2022,8
2022-08-16,472,425,438,427,667,16,2022,8
2022-08-12,454,362,422,379,115,12,2022,8
2022-08-11,394,375,379,375,748,11,2022,8
2022-08-10,379,336,344,333,917,10,2022,8
2022-08-08,354,264,336,288,879,8,2022,8
2022-08-05,301,333,331,283,190,5,2022,8
2022-08-04,360,383,392,294,214,4,2022,8
2022-08-03,417,373,380,351,206,3,2022,8
2022-08-02,384,325,376,340,189,2,2022,8
2022-08-01,365,247,340,258,275,1,2022,8
2022-07-29,271,205,248,215,245,29,2022,7
2022-07-28,211,164,186,165,108,28,2022,7
2022-07-27,160,136,140,140,777,27,2022,7
2022-07-26,165,140,158,149,38,26,2022,7
2022-07-25,162,194,185,141,496,25,2022,7
2022-07-22,268,230,245,245,13,22,2022,7
2022-07-21,244,221,226,219,309,21,2022,7
2022-07-20,267,274,275,235,510,20,2022,7
2022-07-19,184,119,163,138,307,19,2022,7
2022-07-18,167,139,138,133,246,18,2022,7
2022-07-15,136,132,122,125,841,15,2022,7
2022-07-14,130,109,147,119,325,14,2022,7
2022-07-13,104,150,148,109,204,13,2022,7
2022-07-12,163,121,154,142,920,12,2022,7
2022-07-11,168,97,142,107,184,11,2022,7
2022-07-08,126,135,130,124,393,8,2022,7
2022-07-07,122,147,146,113,498,7,2022,7
2022-07-06,148,138,155,130,511,6,2022,7
2022-07-05,180,143,181,161,350,5,2022,7
2022-07-04,152,100,156,100,611,4,2022,7
2022-07-01,145,329,346,97,779,1,2022,7
2022-06-30,402,339,388,347,496,30,2022,6
2022-06-29,375,239,355,250,396,29,2022,6
2022-06-28,291,212,263,232,169,28,2022,6
2022-06-27,248,281,276,231,264,27,2022,6
2022-06-24,260,210,241,220,205,24,2022,6
2022-06-23,216,245,254,189,405,23,2022,6
2022-06-22,269,304,295,250,911,22,2022,6
2022-06-21,382,306,348,286,60,21,2022,6
2022-06-20,312,376,391,275,80,20,2022,6
2022-06-17,393,306,400,329,523,17,2022,6
2022-06-16,347,401,441,324,331,16,2022,6
2022-06-15,404,394,415,381,30,15,2022,6
2022-06-14,449,429,458,416,225,14,2022,6
2022-06-13,483,428,459,419,348,13,2022,6
2022-06-10,540,547,573,507,367,10,2022,6
2022-06-09,631,486,590,518,339,9,2022,6
2022-06-08,549,549,565,522,107,8,2022,6
2022-06-07,599,545,576,563,98,7,2022,6
2022-06-06,595,556,600,562,21,6,2022,6
2022-06-03,607,521,605,553,511,3,2022,6
2022-06-02,550,410,521,437,486,2,2022,6
2022-06-01,455,411,435,418,853,1,2022,6
2022-05-31,453,422,467,417,711,31,2022,5
2022-05-30,487,388,461,397,185,30,2022,5
2022-05-27,366,365,372,302,309,27,2022,5
2022-05-26,386,402,412,316,358,26,2022,5
2022-05-25,426,413,436,402,118,25,2022,5
2022-05-24,432,380,418,398,167,24,2022,5
2022-05-23,419,407,433,394,252,23,2022,5
2022-05-20,445,242,427,252,477,20,2022,5
2022-05-19,234,214,242,217,224,19,2022,5
2022-05-18,307,273,316,260,339,18,2022,5
2022-05-17,293,163,271,175,310,17,2022,5
2022-05-16,172,161,201,160,163,16,2022,5
2022-05-13,171,149,198,157,399,13,2022,5
2022-05-12,134,151,149,107,440,12,2022,5
2022-05-11,201,201,209,166,312,11,2022,5
2022-05-10,226,223,255,206,407,10,2022,5
2022-05-09,276,330,356,256,366,9,2022,5
2022-05-06,439,385,440,395,412,6,2022,5
2022-05-05,466,495,516,434,336,5,2022,5
2022-05-04,516,563,574,478,398,4,2022,5
2022-05-02,609,538,594,572,832,2,2022,5
2022-04-29,622,612,633,585,370,29,2022,4
2022-04-28,647,582,628,591,536,28,2022,4
2022-04-27,606,532,613,569,400,27,2022,4
2022-04-26,601,486,580,514,90,26,2022,4
2022-04-25,520,517,548,466,330,25,2022,4
2022-04-22,586,535,589,558,242,22,2022,4
2022-04-21,611,528,572,540,474,21,2022,4
2022-04-20,542,435,524,451,532,20,2022,4
2022-04-19,465,302,449,321,543,19,2022,4
2022-04-18,314,266,297,277,868,18,2022,4
2022-04-13,329,328,347,308,893,13,2022,4
2022-04-12,349,354,367,328,148,12,2022,4
2022-04-11,424,373,419,380,819,11,2022,4
2022-04-08,430,306,402,337,246,8,2022,4
2022-04-07,363,369,373,350,266,7,2022,4
2022-04-06,436,355,411,386,92,6,2022,4
2022-04-05,447,431,454,424,143,5,2022,4
2022-04-04,485,434,463,443,732,4,2022,4
2022-04-01,478,414,448,425,731,1,2022,4
2022-03-31,457,439,453,430,149,31,2022,3
2022-03-30,496,420,477,421,284,30,2022,3
2022-03-29,443,419,418,410,781,29,2022,3
2022-03-28,441,383,406,385,861,28,2022,3
2022-03-25,403,344,390,371,204,25,2022,3
2022-03-24,373,241,338,263,144,24,2022,3
2022-03-23,309,255,308,278,263,23,2022,3
2022-03-22,298,187,265,199,490,22,2022,3
2022-03-21,218,171,207,186,76,21,2022,3
2022-03-17,236,157,220,156,464,17,2022,3
2022-03-16,138,105,114,120,26,16,2022,3
2022-03-15,82,153,141,65,292,15,2022,3
2022-03-14,159,108,135,112,755,14,2022,3
2022-03-11,133,95,118,118,92,11,2022,3
2022-03-10,127,118,109,90,362,10,2022,3
2022-03-09,71,13,69,9,438,9,2022,3
2022-03-08,14,4,20,1175,460,8,2022,3
2022-03-07,18,28,41,7,362,7,2022,3
2022-03-04,43,71,67,45,922,4,2022,3
2022-03-03,108,118,121,108,881,3,2022,3
2022-03-02,132,50,102,57,468,2,2022,3
2022-02-28,78,16,70,14,461,28,2022,2
2022-02-25,31,30,40,24,217,25,2022,2
2022-02-24,23,33,45,16,529,24,2022,2
2022-02-23,98,120,112,102,697,23,2022,2
2022-02-22,124,70,100,75,166,22,2022,2
2022-02-21,135,127,152,127,22,21,2022,2
2022-02-18,169,172,172,164,675,18,2022,2
2022-02-17,198,138,170,146,125,17,2022,2
2022-02-16,150,155,145,134,896,16,2022,2
2022-02-15,157,68,134,62,32,15,2022,2
2022-02-14,57,56,59,38,916,14,2022,2
2022-02-11,101,90,86,72,294,11,2022,2
2022-02-10,112,115,98,98,105,10,2022,2
2022-02-09,116,85,88,88,48,9,2022,2
2022-02-08,73,46,65,34,79,8,2022,2
2022-02-07,37,59,61,29,916,7,2022,2
2022-02-04,49,57,52,46,19,4,2022,2
2022-02-03,69,112,104,76,839,3,2022,2
2022-02-02,117,124,113,115,871,2,2022,2
2022-02-01,109,125,133,74,147,1,2022,2
2022-01-31,121,78,111,86,83,31,2022,1
2022-01-28,52,81,75,56,222,28,2022,1
2022-01-27,56,51,60,36,423,27,2022,1
2022-01-25,97,65,91,29,524,25,2022,1
2022-01-24,106,206,233,85,480,24,2022,1
2022-01-21,230,182,228,198,157,21,2022,1
2022-01-20,229,231,240,200,308,20,2022,1
2022-01-19,284,263,274,262,851,19,2022,1
2022-01-18,286,297,304,271,643,18,2022,1
2022-01-17,332,271,310,298,737,17,2022,1
2022-01-14,308,269,312,282,420,14,2022,1
2022-01-13,302,251,273,261,68,13,2022,1
2022-01-12,283,200,253,216,230,12,2022,1
2022-01-11,209,164,193,181,299,11,2022,1
2022-01-10,185,182,173,158,818,10,2022,1
2022-01-07,183,156,175,150,141,7,2022,1
2022-01-06,155,181,169,145,213,6,2022,1
2022-01-05,220,189,196,178,56,5,2022,1
2022-01-04,212,133,176,142,3,4,2022,1
2022-01-03,139,81,115,95,627,3,2022,1
2021-12-31,89,89,84,90,833,31,2021,12
2021-12-30,76,118,108,73,560,30,2021,12
2021-12-29,137,110,132,123,261,29,2021,12
2021-12-28,131,93,107,110,652,28,2021,12
2021-12-27,92,80,77,78,581,27,2021,12
2021-12-24,95,84,93,64,730,24,2021,12
2021-12-23,84,91,79,89,808,23,2021,12
2021-12-22,85,43,74,50,351,22,2021,12
2021-12-21,35,36,50,25,124,21,2021,12
2021-12-20,30,40,42,17,211,20,2021,12
2021-12-17,60,117,116,44,453,17,2021,12
2021-12-16,140,123,123,105,852,16,2021,12
2021-12-15,96,106,109,92,823,15,2021,12
2021-12-14,111,103,110,111,134,14,2021,12
2021-12-13,147,204,191,142,129,13,2021,12
2021-12-10,213,169,183,174,757,10,2021,12
2021-12-09,210,162,192,167,148,9,2021,12
2021-12-08,158,145,144,143,784,8,2021,12
2021-12-07,113,96,106,90,33,7,2021,12
2021-12-06,81,134,138,87,892,6,2021,12
2021-12-03,144,226,221,137,397,3,2021,12
2021-12-02,239,197,218,211,118,2,2021,12
2021-12-01,217,158,190,169,876,1,2021,12
2021-11-30,142,196,195,131,578,30,2021,11
2021-11-29,193,167,226,136,522,29,2021,11
2021-11-26,149,195,197,139,280,26,2021,11
2021-11-25,250,89,227,87,614,25,2021,11
2021-11-24,66,103,117,70,320,24,2021,11
2021-11-23,120,48,103,33,533,23,2021,11
2021-11-22,83,165,165,81,516,22,2021,11
2021-11-18,225,186,214,192,766,18,2021,11
2021-11-17,215,227,222,210,883,17,2021,11
2021-11-16,275,324,324,245,40,16,2021,11
2021-11-15,370,373,366,353,617,15,2021,11
2021-11-12,397,311,359,332,782,12,2021,11
2021-11-11,336,275,317,296,917,11,2021,11
2021-11-10,326,246,294,253,886,10,2021,11
2021-11-09,285,235,257,237,274,9,2021,11
2021-11-08,263,248,250,203,436,8,2021,11
2021-11-04,257,220,234,239,1,4,2021,11
2021-11-03,240,237,250,210,75,3,2021,11
2021-11-02,262,282,279,246,908,2,2021,11
2021-11-01,306,270,291,243,265,1,2021,11
2021-10-29,304,371,352,251,205,29,2021,10
2021-10-28,409,398,417,391,860,28,2021,10
2021-10-27,448,432,465,423,861,27,2021,10
2021-10-26,481,392,450,404,851,26,2021,10
2021-10-25,413,456,468,353,334,25,2021,10
2021-10-22,448,398,445,414,17,22,2021,10
2021-10-21,442,499,513,405,446,21,2021,10
2021-10-20,525,520,533,496,117,20,2021,10
2021-10-19,561,496,540,515,790,19,2021,10
2021-10-18,533,447,536,464,171,18,2021,10
2021-10-14,525,476,504,490,774,14,2021,10
2021-10-13,519,454,508,472,866,13,2021,10
2021-10-12,492,423,471,441,671,12,2021,10
2021-10-11,474,479,509,448,227,11,2021,10
2021-10-08,495,351,473,377,281,8,2021,10
2021-10-07,361,368,359,352,649,7,2021,10
2021-10-06,345,397,394,322,887,6,2021,10
2021-10-05,422,298,382,313,167,5,2021,10
2021-10-04,340,294,323,299,10,4,2021,10
2021-10-01,287,232,270,245,800,1,2021,10
2021-09-30,278,258,264,249,170,30,2021,9
2021-09-29,292,320,316,274,849,29,2021,9
2021-09-28,320,268,309,265,364,28,2021,9
2021-09-27,289,217,258,226,259,27,2021,9
2021-09-24,238,233,235,222,248,24,2021,9
2021-09-23,247,176,219,190,279,23,2021,9
2021-09-22,176,125,156,135,15,22,2021,9
2021-09-21,141,122,125,126,863,21,2021,9
2021-09-20,128,88,131,107,63,20,2021,9
2021-09-17,125,175,171,117,596,17,2021,9
2021-09-16,173,104,150,101,164,16,2021,9
2021-09-15,108,83,99,104,808,15,2021,9
2021-09-14,90,92,95,99,796,14,2021,9
2021-09-13,94,158,145,103,304,13,2021,9
2021-09-09,170,152,153,159,800,9,2021,9
2021-09-08,177,182,169,144,209,8,2021,9
2021-09-07,191,155,174,151,341,7,2021,9
2021-09-06,170,129,200,151,588,6,2021,9
2021-09-03,123,34,97,28,566,3,2021,9
2021-09-02,33,23,39,19,866,2,2021,9
2021-09-01,25,26,36,20,26,1,2021,9
2021-08-31,24,27,34,13,545,31,2021,8
2021-08-30,27,21,33,10,196,30,2021,8
2021-08-27,11,14,17,4,901,27,2021,8
2021-08-26,12,3,19,0,383,26,2021,8
2021-08-25,1236,1117,9,1176,160,25,2021,8
2021-08-24,1230,1110,1173,1167,69,24,2021,8
2021-08-23,1220,1114,1168,1159,859,23,2021,8
2021-08-20,1216,1104,1167,1160,828,20,2021,8
2021-08-18,1223,1114,1170,1165,874,18,2021,8
2021-08-17,1221,1113,1169,1164,115,17,2021,8
2021-08-16,1224,1106,0,1157,481,16,2021,8
2021-08-13,1215,1093,1162,1154,122,13,2021,8
2021-08-12,1205,1098,1153,1152,744,12,2021,8
2021-08-11,1208,1079,1146,1135,813,11,2021,8
2021-08-10,1188,1070,1141,1126,71,10,2021,8
2021-08-09,1177,1069,1123,1122,707,9,2021,8
2021-08-06,1189,1100,1160,1130,311,6,2021,8
2021-08-05,1212,1090,1166,1151,459,5,2021,8
2021-08-04,1199,1076,1142,1139,145,4,2021,8
2021-08-03,1186,1075,1125,1120,66,3,2021,8
2021-08-02,1175,1057,1119,1112,10,2,2021,8
2021-07-30,1160,1060,1115,1106,42,30,2021,7
2021-07-29,1165,1056,1117,1114,181,29,2021,7
2021-07-28,1161,1060,1111,1103,128,28,2021,7
2021-07-27,1167,1066,1121,1113,924,27,2021,7
2021-07-26,1176,1086,1147,1124,101,26,2021,7
2021-07-23,1201,1101,1159,1150,864,23,2021,7
2021-07-22,1209,1095,1150,1149,733,22,2021,7
2021-07-20,1191,1082,1136,1136,674,20,2021,7
2021-07-19,1194,1083,1151,1144,756,19,2021,7
2021-07-16,1207,1072,1143,1140,790,16,2021,7
2021-07-15,1180,1077,1127,1129,830,15,2021,7
2021-07-14,1184,1084,1135,1134,768,14,2021,7
2021-07-13,1196,1083,1132,1141,673,13,2021,7
2021-07-12,1182,1067,1130,1127,771,12,2021,7
2021-07-09,1174,1073,1126,1121,805,9,2021,7
2021-07-08,1190,1091,1145,1132,29,8,2021,7
2021-07-07,1204,1099,1155,1148,900,7,2021,7
2021-07-06,1210,1105,1161,1155,873,6,2021,7
2021-07-05,1217,1102,1165,1158,59,5,2021,7
2021-07-02,1211,1080,1157,1145,199,2,2021,7
2021-07-01,1193,1094,1149,1146,110,1,2021,7
2021-06-30,1206,1078,1148,1143,416,30,2021,6
2021-06-29,1187,1074,1138,1137,550,29,2021,6
2021-06-28,1184,1097,1154,1132,434,28,2021,6
2021-06-25,1200,1107,1164,1133,662,25,2021,6
2021-06-24,1218,1,5,1161,850,24,2021,6
2021-06-23,1,21,24,1186,313,23,2021,6
2021-06-22,9,22,29,6,127,22,2021,6
2021-06-21,16,0,22,1184,87,21,2021,6
2021-06-18,8,11,15,1178,561,18,2021,6
2021-06-17,6,1120,15,1174,278,17,2021,6
2021-06-16,3,18,21,1,922,16,2021,6
2021-06-15,22,24,32,12,247,15,2021,6
2021-06-14,19,6,28,1180,436,14,2021,6
2021-06-11,4,1116,12,1176,180,11,2021,6
2021-06-10,1229,1118,13,1173,202,10,2021,6
2021-06-09,1225,9,10,1170,44,9,2021,6
2021-06-08,5,12,11,1183,846,8,2021,6
2021-06-07,11,1121,16,1179,305,7,2021,6
2021-06-04,1231,5,7,1177,214,4,2021,6
2021-06-03,2,10,23,1181,512,3,2021,6
2021-06-02,1234,1109,2,1168,526,2,2021,6
2021-06-01,1222,1111,1174,1162,555,1,2021,6
2021-05-31,1219,1085,1172,1138,664,31,2021,5
2021-05-28,1192,1032,1134,1090,663,28,2021,5
2021-05-27,1132,1027,1086,1074,548,27,2021,5
2021-05-26,1130,1028,1082,1075,705,26,2021,5
2021-05-25,1128,1037,1087,1072,228,25,2021,5
2021-05-24,1137,1043,1095,1085,769,24,2021,5
2021-05-21,1148,1034,1094,1088,921,21,2021,5
2021-05-20,1136,1039,1096,1084,45,20,2021,5
2021-05-19,1146,1029,1098,1078,304,19,2021,5
2021-05-18,1139,1030,1090,1080,80,18,2021,5
2021-05-17,1126,1011,1074,1065,70,17,2021,5
2021-05-14,1116,1005,1063,1046,154,14,2021,5
2021-05-12,1101,1008,1055,1048,145,12,2021,5
2021-05-11,1114,996,1059,1050,165,11,2021,5
2021-05-10,1108,1014,1066,1059,190,10,2021,5
2021-05-07,1111,1012,1069,1061,94,7,2021,5
2021-05-06,1110,1000,1056,1047,220,6,2021,5
2021-05-05,1104,1001,1058,1049,101,5,2021,5
2021-05-04,1103,1018,1077,1051,478,4,2021,5
2021-05-03,1125,1025,1081,1069,504,3,2021,5
2021-04-30,1144,1044,1104,1089,417,30,2021,4
2021-04-29,1157,1049,1105,1100,343,29,2021,4
2021-04-28,1147,1038,1093,1083,332,28,2021,4
2021-04-27,1140,1015,1088,1067,422,27,2021,4
2021-04-26,1118,998,1073,1052,447,26,2021,4
2021-04-23,1098,993,1051,1040,67,23,2021,4
2021-04-22,1099,989,1049,1035,215,22,2021,4
2021-04-20,1096,994,1052,1038,335,20,2021,4
2021-04-19,1097,992,1050,1037,380,19,2021,4
2021-04-16,1113,1010,1067,1062,273,16,2021,4
2021-04-15,1121,1004,1071,1054,415,15,2021,4
2021-04-13,1112,1002,1062,1055,403,13,2021,4
2021-04-12,1100,1020,1072,1043,448,12,2021,4
2021-04-09,1133,1040,1092,1082,197,9,2021,4
2021-04-08,1151,1045,1099,1092,259,8,2021,4
2021-04-07,1149,1041,1106,1093,520,7,2021,4
2021-04-06,1135,1042,1091,1077,195,6,2021,4
2021-04-05,1143,1050,1100,1073,236,5,2021,4
2021-04-01,1155,1047,1101,1099,60,1,2021,4
2021-03-31,1150,1047,1108,1096,301,31,2021,3
2021-03-30,1158,1043,1107,1091,439,30,2021,3
2021-03-26,1145,1046,1097,1081,429,26,2021,3
2021-03-25,1142,1056,1110,1087,483,25,2021,3
2021-03-24,1163,1067,1120,1111,320,24,2021,3
2021-03-23,1185,1062,1139,1117,344,23,2021,3
2021-03-22,1172,1063,1116,1107,382,22,2021,3
2021-03-19,1179,1033,1128,1086,610,19,2021,3
2021-03-18,1153,1064,1122,1097,443,18,2021,3
2021-03-17,1168,1081,1131,1109,396,17,2021,3
2021-03-16,1197,1089,1152,1147,187,16,2021,3
2021-03-15,1203,1103,1161,1131,315,15,2021,3
2021-03-12,1213,1119,1,1156,323,12,2021,3
2021-03-10,1228,2,6,1172,50,10,2021,3
2021-03-09,1232,1120,4,1163,246,9,2021,3
2021-03-08,1233,1112,14,1171,406,8,2021,3
2021-03-05,1227,1108,3,1166,534,5,2021,3
2021-03-04,1226,1115,1171,1169,465,4,2021,3
2021-03-03,1235,1096,8,1153,576,3,2021,3
2021-03-02,1202,1097,1156,1142,333,2,2021,3
2021-03-01,1198,1087,1140,1119,352,1,2021,3
2021-02-26,1183,1092,1158,1123,601,26,2021,2
2021-02-25,1214,1065,1163,1125,595,25,2021,2
2021-02-24,1171,1051,1114,1105,923,24,2021,2
2021-02-23,1156,1054,1109,1101,538,23,2021,2
2021-02-22,1152,1068,1124,1095,508,22,2021,2
2021-02-19,1178,1059,1133,1116,500,19,2021,2
2021-02-18,1173,1071,1137,1118,386,18,2021,2
2021-02-17,1181,1061,1129,1115,506,17,2021,2
2021-02-16,1170,1053,1119,1108,464,16,2021,2
2021-02-15,1159,1055,1112,1104,283,15,2021,2
2021-02-12,1162,1058,1118,1102,564,12,2021,2
2021-02-11,1169,1029,1113,1079,615,11,2021,2
2021-02-10,1131,1019,1084,1063,457,10,2021,2
2021-02-09,1123,1022,1085,1070,410,9,2021,2
2021-02-08,1122,1009,1078,1064,455,8,2021,2
2021-02-05,1105,1007,1064,1057,432,5,2021,2
2021-02-04,1106,1002,1061,1044,537,4,2021,2
2021-02-03,1109,1006,1068,1042,563,3,2021,2
2021-02-02,1107,995,1061,1033,608,2,2021,2
2021-02-01,1094,987,1047,1032,594,1,2021,2
2021-01-29,1091,990,1048,1031,623,29,2021,1
2021-01-28,1092,988,1053,1034,593,28,2021,1
2021-01-27,1093,1003,1054,1036,613,27,2021,1
2021-01-25,1120,1052,1103,1066,661,25,2021,1
2021-01-22,1164,1088,1144,1110,565,22,2021,1
2021-01-21,1195,1070,1146,1128,602,21,2021,1
2021-01-20,1166,1048,1111,1098,569,20,2021,1
2021-01-19,1154,1035,1102,1094,577,19,2021,1
2021-01-18,1134,1017,1087,1060,597,18,2021,1
2021-01-15,1117,1021,1079,1058,441,15,2021,1
2021-01-14,1127,1016,1076,1068,469,14,2021,1
2021-01-13,1119,1023,1080,1056,546,13,2021,1
2021-01-12,1124,991,1070,1041,607,12,2021,1
2021-01-11,1095,1013,1060,1039,585,11,2021,1
2021-01-08,1115,997,1057,1053,551,8,2021,1
2021-01-07,1100,999,1065,1045,579,7,2021,1
2021-01-06,1102,1024,1075,1045,625,6,2021,1
2021-01-05,1129,1026,1083,1071,516,5,2021,1
2021-01-04,1141,1036,1089,1076,525,4,2021,1
2021-01-01,1138,1031,1087,1085,870,1,2021,1
